input_text,emoji
The scientist tried to <measure> the height of the tower.,ğŸ“ğŸ“
She tried to hold onto a fading <memory> from childhood.,ğŸ§ ğŸ’­
He wanted to <capture> the perfect photograph.,ğŸ“¸ğŸ”’
His words were filled with <determination> that everyone felt.,ğŸ’ªğŸ˜¤
She tried to <focus> on her assignment.,ğŸ¯ğŸ‘ï¸
They hoped to find a clear <pattern> in the data.,ğŸ“ŠğŸ”
I could not <predict> what would happen.,ğŸ”®â¡ï¸â“
He hoped to find a lasting <connection> with new people.,ğŸ”—ğŸ¤
You must <balance> your work and personal life.,âš–ï¸
The project relied on a shared <vision> for the future.,ğŸ‘ï¸â€ğŸ—¨ï¸ğŸ”®
